"image","xmin","ymin","xmax","ymax","label"
"VID_20201004_184531.mp4#t=2.jpg",1126.2939958592133,532.7530674846626,1404.5548654244308,902.4708588957055,"Dedo"
"VID_20201004_184531.mp4#t=2.jpg",602.8985507246376,388.3113496932515,1020.2898550724638,465.170245398773,"Panel"
"VID_20201004_184531.mp4#t=2.jpg",91.42857142857143,397.5874233128834,462.44306418219463,474.4463190184049,"Panel"
"VID_20201004_184531.mp4#t=0.4.jpg",94.07867494824016,406.8634969325153,449.1925465838509,469.14570552147234,"Panel"
"VID_20201004_184531.mp4#t=0.4.jpg",592.2981366459627,390.96165644171776,1022.9399585921325,477.0966257668711,"Panel"
"VID_20201004_184531.mp4#t=0.416667.jpg",95.40372670807453,398.91257668711654,447.86749482401655,471.7960122699386,"Panel"
"VID_20201004_184531.mp4#t=0.416667.jpg",590.9730848861284,397.5874233128834,1025.5900621118012,474.4463190184049,"Panel"
"VID_20201004_184531.mp4#t=1.983333.jpg",1138.2194616977226,535.4033742331288,1392.6293995859214,873.3174846625766,"Dedo"
"VID_20201004_184531.mp4#t=1.983333.jpg",604.223602484472,392.2868098159509,1021.6149068322982,466.4953987730061,"Panel"
"VID_20201004_184531.mp4#t=1.983333.jpg",92.7536231884058,393.61196319018404,465.09316770186336,469.1457055214724,"Panel"
"VID_20201004_184531.mp4#t=0.383333.jpg",596.2732919254659,394.9371165644171,1024.2650103519668,470.4708588957055,"Panel"
"VID_20201004_184531.mp4#t=0.383333.jpg",96.7287784679089,406.8634969325153,453.16770186335407,466.4953987730061,"Panel"
"VID_20201004_184531.mp4#t=2.016667.jpg",594.9482401656314,383.010736196319,1030.8902691511387,469.14570552147234,"Panel"
"VID_20201004_184531.mp4#t=2.016667.jpg",95.40372670807453,386.98619631901835,462.44306418219463,471.7960122699386,"Panel"
"VID_20201004_184531.mp4#t=2.016667.jpg",1111.718426501035,535.4033742331288,1408.5300207039336,898.4953987730062,"Dedo"
"VID_20201004_184531.mp4#t=2.083333.jpg",84.80331262939958,386.98619631901835,463.768115942029,471.7960122699386,"Panel"
"VID_20201004_184531.mp4#t=2.083333.jpg",604.223602484472,385.66104294478527,1033.5403726708075,465.170245398773,"Panel"
"VID_20201004_184531.mp4#t=2.083333.jpg",1069.3167701863354,526.1273006134969,1360.8281573498964,898.4953987730062,"Dedo"
"VID_20201004_184531.mp4#t=2.2.jpg",111.30434782608695,392.2868098159509,475.6935817805383,465.170245398773,"Panel"
"VID_20201004_184531.mp4#t=2.2.jpg",614.824016563147,377.7101226993865,1042.815734989648,462.5199386503067,"Panel"
"VID_20201004_184531.mp4#t=2.2.jpg",1049.44099378882,530.1027607361963,1319.751552795031,845.4892638036808,"Dedo"
"VID_20201004_184531.mp4#t=2.166667.jpg",109.97929606625259,389.6365030674846,475.6935817805383,461.19478527607356,"Panel"
"VID_20201004_184531.mp4#t=2.166667.jpg",610.8488612836439,386.98619631901835,1042.815734989648,459.8696319018404,"Panel"
"VID_20201004_184531.mp4#t=2.166667.jpg",1053.416149068323,514.2009202453987,1323.7267080745341,858.7407975460121,"Dedo"
"VID_20201004_184531.mp4#t=2.183333.jpg",107.32919254658385,389.6365030674846,471.7184265010352,466.49539877300606,"Panel"
"VID_20201004_184531.mp4#t=2.183333.jpg",609.5238095238095,377.7101226993865,1040.1656314699794,465.170245398773,"Panel"
"VID_20201004_184531.mp4#t=2.183333.jpg",1052.0910973084885,526.1273006134969,1336.9772256728777,881.2684049079754,"Dedo"
"VID_20201004_184531.mp4#t=2.216667.jpg",111.30434782608695,383.010736196319,479.6687370600414,469.14570552147234,"Panel"
"VID_20201004_184531.mp4#t=2.216667.jpg",609.5238095238095,376.38496932515335,1067.991718426501,467.82055214723925,"Panel"
"VID_20201004_184531.mp4#t=2.216667.jpg",1040.1656314699792,508.9003067484662,1305.175983436853,838.8634969325153,"Dedo"
"VID_20201004_184531.mp4#t=12.816667.jpg",999.0890269151139,257.12116564417175,1531.75983436853,361.80828220858893,"Panel"
"VID_20201004_184531.mp4#t=12.816667.jpg",384.26501035196685,254.4708588957055,818.8819875776397,352.532208588957,"Panel"
"VID_20201004_184531.mp4#t=12.816667.jpg",0,157.7346625766871,299.4616977225673,274.34815950920245,"Panel"
"VID_20201004_184531.mp4#t=3.116667.jpg",193.4575569358178,365.7837423312883,541.9461697722567,443.96779141104287,"Panel"
"VID_20201004_184531.mp4#t=3.116667.jpg",683.7267080745341,355.1825153374233,1114.368530020704,442.6426380368098,"Panel"
"VID_20201004_184531.mp4#t=3.116667.jpg",1045.4658385093167,465.170245398773,1250.8488612836438,724.9003067484662,"Dedo"
"VID_20201004_184531.mp4#t=3.1.jpg",205.38302277432712,360.4831288343558,543.2712215320911,437.34202453987723,"Panel"
"VID_20201004_184531.mp4#t=3.1.jpg",681.0766045548654,349.8819018404908,1113.0434782608695,439.99233128834356,"Panel"
"VID_20201004_184531.mp4#t=3.1.jpg",1046.790890269151,461.19478527607356,1250.8488612836438,739.4769938650306,"Dedo"
"VID_20201004_184531.mp4#t=8.983333.jpg",369.6894409937888,155.08435582822085,765.879917184265,259.77147239263803,"Panel"
"VID_20201004_184531.mp4#t=8.983333.jpg",924.8861283643893,182.91257668711654,1411.1801242236024,306.1518404907975,"Panel"
"VID_20201004_184531.mp4#t=8.983333.jpg",1151.4699792960662,319.40337423312883,1290.600414078675,524.8021472392638,"Dedo"
"VID_20201004_184829.mp4#t=2.466667.jpg",282.2360248447205,258.4463190184049,1541.0351966873707,398.91257668711654,"Panel"
"VID_20201004_184829.mp4#t=2.466667.jpg",1552.9606625258798,349.8819018404908,1920,469.1457055214724,"Panel"
"VID_20201004_184829.mp4#t=2.466667.jpg",1017.639751552795,408.18865030674846,1291.9254658385094,706.3481595092024,"Dedo"
"VID_20201004_184829.mp4#t=2.483333.jpg",271.63561076604555,253.14570552147237,1521.159420289855,398.9125766871165,"Panel"
"VID_20201004_184829.mp4#t=2.483333.jpg",1552.9606625258798,347.2315950920245,1920,477.09662576687117,"Panel"
"VID_20201004_184829.mp4#t=2.483333.jpg",1033.5403726708075,420.1150306748466,1262.7743271221534,718.2745398773006,"Dedo"
"VID_20201004_184531.mp4#t=18.933333.jpg",715.527950310559,163.03527607361963,1211.097308488613,287.5996932515337,"Panel"
"VID_20201004_184531.mp4#t=18.933333.jpg",0,114.00460122699386,512.7950310559006,238.56901840490795,"Panel"
"VID_20201004_184531.mp4#t=18.933333.jpg",1038.840579710145,286.2745398773006,1183.2712215320912,458.54447852760734,"Dedo"
"VID_20201004_184829.mp4#t=3.516667.jpg",276.935817805383,250.49539877300612,1523.8095238095239,394.9371165644171,"Panel"
"VID_20201004_184829.mp4#t=3.516667.jpg",1554.2857142857142,341.930981595092,1920,461.1947852760736,"Panel"
"VID_20201004_184829.mp4#t=3.516667.jpg",1011.0144927536231,402.8880368098159,1294.575569358178,689.1211656441717,"Dedo"
"VID_20201004_184531.mp4#t=23.966667.jpg",1317.1014492753623,99.42791411042944,1897.4741200828157,239.8941717791411,"Panel"
"VID_20201004_184531.mp4#t=23.966667.jpg",19.875776397515526,0,1219.047619047619,135.2070552147239,"Panel"
"VID_20201004_184829.mp4#t=4.216667.jpg",262.360248447205,243.86963190184048,1539.710144927536,389.6365030674846,"Panel"
"VID_20201004_184829.mp4#t=4.216667.jpg",1564.8861283643892,347.2315950920245,1920,467.82055214723925,"Panel"
"VID_20201004_184829.mp4#t=4.216667.jpg",784.4306418219462,394.9371165644171,1029.5652173913045,634.7898773006134,"Dedo"
"VID_20201004_184829.mp4#t=6.25.jpg",340.5383022774327,238.56901840490795,1625.8385093167701,404.21319018404904,"Panel"
"VID_20201004_184829.mp4#t=6.25.jpg",1641.7391304347825,356.50766871165644,1920,485.0475460122699,"Panel"
"VID_20201004_184829.mp4#t=6.25.jpg",738.0538302277432,352.532208588957,936.8115942028985,588.4095092024539,"Dedo"
"VID_20201004_184829.mp4#t=8.066667.jpg",344.5134575569358,245.1947852760736,1629.8136645962732,402.8880368098159,"Panel"
"VID_20201004_184829.mp4#t=8.066667.jpg",650.6004140786749,357.8328220858895,837.4327122153209,604.3113496932515,"Dedo"
"VID_20201004_184829.mp4#t=6.916667.jpg",335.23809523809524,261.09662576687117,1617.8881987577638,416.13957055214723,"Panel"
"VID_20201004_184829.mp4#t=6.916667.jpg",1636.438923395445,369.7592024539877,1920,492.99846625766867,"Panel"
"VID_20201004_184829.mp4#t=6.916667.jpg",826.8322981366459,380.3604294478527,1067.991718426501,617.5628834355828,"Dedo"
"VID_20201004_184829.mp4#t=4.95.jpg",292.83643892339546,251.82055214723925,1538.3850931677018,396.2622699386503,"Panel"
"VID_20201004_184829.mp4#t=4.95.jpg",1563.561076604555,353.85736196319016,1920,466.4953987730061,"Panel"
"VID_20201004_184829.mp4#t=4.95.jpg",863.9337474120083,425.4156441717791,1103.768115942029,697.0720858895704,"Dedo"
"VID_20201004_184829.mp4#t=12.183333.jpg",26.50103519668737,227.96779141104292,1246.8737060041408,418.78987730061345,"Panel"
"VID_20201004_184829.mp4#t=12.183333.jpg",1282.6501035196686,368.4340490797546,1920,522.1518404907974,"Panel"
"VID_20201004_184829.mp4#t=12.183333.jpg",886.4596273291926,451.9187116564417,1175.320910973085,755.3788343558282,"Dedo"
"VID_20201004_184829.mp4#t=14.3.jpg",209.35817805383022,227.96779141104292,1412.5051759834369,404.21319018404904,"Panel"
"VID_20201004_184829.mp4#t=14.3.jpg",1452.256728778468,343.2561349693251,1920,471.7960122699386,"Panel"
"VID_20201004_184829.mp4#t=14.3.jpg",756.6045548654245,430.71625766871165,1028.24016563147,755.3788343558282,"Dedo"
"VID_20201004_184829.mp4#t=11.433333.jpg",112.62939958592132,251.82055214723925,1348.9026915113873,441.3174846625767,"Panel"
"VID_20201004_184829.mp4#t=11.433333.jpg",1420.455486542443,393.61196319018404,1920,523.4769938650306,"Panel"
"VID_20201004_184829.mp4#t=11.433333.jpg",961.9875776397515,502.2745398773006,1199.1718426501034,777.9064417177914,"Dedo"
"VID_20201004_184829.mp4#t=10.116667.jpg",491.5942028985507,265.07208588957053,1730.5175983436852,421.44018404907973,"Panel"
"VID_20201004_184829.mp4#t=10.116667.jpg",1788.8198757763976,365.7837423312883,1920,495.6487730061349,"Panel"
"VID_20201004_184829.mp4#t=10.116667.jpg",573.7474120082816,434.691717791411,840.0828157349897,693.096625766871,"Dedo"
"VID_20201004_184829.mp4#t=13.2.jpg",152.38095238095238,227.96779141104292,1424.430641821946,392.28680981595085,"Panel"
"VID_20201004_184829.mp4#t=13.2.jpg",1437.6811594202898,345.9064417177914,1920,466.4953987730061,"Panel"
"VID_20201004_184930.mp4#t=5.45.jpg",718.1780538302278,275.6733128834356,1025.5900621118012,466.4953987730061,"Panel"
"VID_20201004_184930.mp4#t=5.45.jpg",924.8861283643893,447.9432515337423,1111.7184265010353,701.0475460122699,"Dedo"
"VID_20201004_184930.mp4#t=4.15.jpg",788.4057971014493,257.12116564417175,1089.1925465838508,442.6426380368098,"Panel"
"VID_20201004_184930.mp4#t=4.15.jpg",951.3871635610766,416.13957055214723,1192.5465838509317,649.3665644171779,"Dedo"
"VID_20201004_184930.mp4#t=2.65.jpg",799.0062111801242,275.6733128834356,1040.1656314699792,446.6180981595092,"Panel"
"VID_20201004_184930.mp4#t=2.65.jpg",1005.7142857142857,428.06595092024537,1238.9233954451345,658.6426380368098,"Dedo"
"VID_20201004_184930.mp4#t=1.05.jpg",715.527950310559,304.8266871165644,943.4368530020704,473.12116564417175,"Panel"
"VID_20201004_184930.mp4#t=1.05.jpg",1283.975155279503,389.6365030674846,1584.7619047619046,628.1641104294478,"Dedo"
"VID_20201004_184829.mp4#t=15.35.jpg",149.73084886128365,119.30521472392637,1412.5051759834369,306.1518404907975,"Panel"
"VID_20201004_184829.mp4#t=15.35.jpg",1424.4306418219462,255.79601226993864,1920,397.5874233128834,"Panel"
"VID_20201004_184829.mp4#t=15.35.jpg",944.7619047619047,314.1027607361963,1245.5486542443064,699.7223926380368,"Dedo"
"VID_20201004_184930.mp4#t=9.2.jpg",602.8985507246376,210.74079754601226,988.4886128364388,371.08435582822085,"Panel"
"VID_20201004_184930.mp4#t=9.2.jpg",848.0331262939958,404.21319018404904,1025.5900621118012,646.7162576687116,"Dedo"
"VID_20201004_184930.mp4#t=12.25.jpg",703.6024844720497,121.95552147239263,1164.72049689441,341.930981595092,"Panel"
"VID_20201004_184930.mp4#t=12.25.jpg",950.0621118012423,316.75306748466255,1142.1946169772257,559.2561349693251,"Dedo"
"VID_20201004_184930.mp4#t=10.5.jpg",667.8260869565217,157.7346625766871,1071.9668737060042,379.03527607361957,"Panel"
"VID_20201004_184930.mp4#t=10.5.jpg",854.6583850931677,314.1027607361963,1054.7412008281574,569.8573619631901,"Dedo"
"VID_20201004_184930.mp4#t=7.416667.jpg",719.5031055900621,254.4708588957055,1094.4927536231885,442.6426380368098,"Panel"
"VID_20201004_184930.mp4#t=7.416667.jpg",879.8343685300207,409.51380368098154,1074.6169772256728,646.7162576687116,"Dedo"
"VID_20201004_184930.mp4#t=13.833333.jpg",683.7267080745341,31.845092024539873,1170.0207039337474,239.8941717791411,"Panel"
"VID_20201004_184930.mp4#t=13.833333.jpg",961.9875776397515,172.31134969325151,1152.7950310559006,499.62423312883436,"Dedo"
"VID_20201004_184930.mp4#t=20.033333.jpg",324.6376811594203,100.75306748466257,911.6356107660456,349.88190184049074,"Panel"
"VID_20201004_184930.mp4#t=20.033333.jpg",689.0269151138716,331.32975460122697,881.159420289855,667.9187116564417,"Dedo"
"VID_20201004_184930.mp4#t=18.116667.jpg",398.84057971014494,0,980.5383022774326,198.8144171779141,"Panel"
"VID_20201004_184930.mp4#t=18.116667.jpg",653.2505175983437,218.69171779141104,845.3830227743271,498.29907975460117,"Dedo"
"VID_20201004_184930.mp4#t=15.916667.jpg",477.01863354037266,60.99846625766871,1054.7412008281574,290.25,"Panel"
"VID_20201004_184930.mp4#t=15.916667.jpg",747.3291925465838,282.2990797546012,930.1863354037267,625.5138036809815,"Dedo"
"VID_20201004_184930.mp4#t=23.483333.jpg",292.83643892339546,98.10276073619632,907.6604554865424,377.7101226993865,"Panel"
"VID_20201004_184930.mp4#t=22.333333.jpg",323.31262939958594,1.366564417177914,946.0869565217391,227.96779141104295,"Panel"
"VID_20201004_184930.mp4#t=22.333333.jpg",400.1656314699793,235.9187116564417,646.6252587991719,657.3174846625766,"Dedo"
"VID_20201004_185106.mp4#t=4.066667.jpg",1107.743271221532,479.7469325153374,1366.1283643892339,703.6978527607362,"Dedo"
"VID_20201004_185106.mp4#t=4.066667.jpg",875.8592132505175,376.38496932515335,1221.6977225672877,442.6426380368098,"Panel"
"VID_20201004_185106.mp4#t=4.066667.jpg",487.6190476190476,385.66104294478527,863.9337474120082,458.54447852760734,"Panel"
"VID_20201004_185106.mp4#t=4.066667.jpg",202.73291925465838,392.2868098159509,374.9896480331263,461.1947852760736,"Panel"
"VID_20201004_185106.mp4#t=4.066667.jpg",0,434.691717791411,170.93167701863354,502.2745398773006,"Panel"
"VID_20201004_185106.mp4#t=6.383333.jpg",894.4099378881988,498.29907975460117,1090.5175983436852,703.6978527607362,"Dedo"
"VID_20201004_185106.mp4#t=6.383333.jpg",914.2857142857142,441.31748466257665,1229.648033126294,506.24999999999994,"Panel"
"VID_20201004_185106.mp4#t=6.383333.jpg",524.72049689441,445.29294478527606,908.9855072463768,510.22546012269936,"Panel"
"VID_20201004_185106.mp4#t=6.383333.jpg",227.90890269151137,430.71625766871165,413.41614906832297,502.2745398773006,"Panel"
"VID_20201004_185106.mp4#t=6.383333.jpg",0,471.7960122699386,186.83229813664596,547.3297546012269,"Panel"
"VID_20201004_185106.mp4#t=2.016667.jpg",765.879917184265,304.8266871165644,1117.0186335403725,400.2377300613497,"Panel"
"VID_20201004_185106.mp4#t=2.016667.jpg",376.31469979296065,319.40337423312883,765.879917184265,389.6365030674847,"Panel"
"VID_20201004_185106.mp4#t=2.016667.jpg",71.5527950310559,324.7039877300613,262.360248447205,396.26226993865026,"Panel"
"VID_20201004_185106.mp4#t=2.016667.jpg",0,365.7837423312883,41.076604554865426,432.04141104294473,"Panel"
"VID_20201004_185106.mp4#t=2.016667.jpg",1439.0062111801242,275.6733128834356,1681.4906832298136,567.2070552147238,"Dedo"
"VID_20201004_185106.mp4#t=5.jpg",1144.8447204968943,475.771472392638,1371.4285714285713,682.4953987730061,"Dedo"
"VID_20201004_185106.mp4#t=5.jpg",911.6356107660455,398.91257668711654,1226.9979296066251,465.170245398773,"Panel"
"VID_20201004_185106.mp4#t=5.jpg",524.72049689441,402.8880368098159,895.7349896480332,465.170245398773,"Panel"
"VID_20201004_185106.mp4#t=5.jpg",221.28364389233954,405.5383435582822,406.79089026915113,471.7960122699386,"Panel"
"VID_20201004_185106.mp4#t=5.jpg",2.650103519668737,450.59355828220856,193.4575569358178,510.22546012269936,"Panel"
"VID_20201004_185106.mp4#t=2.95.jpg",1244.223602484472,417.4647239263803,1501.2836438923396,689.1211656441717,"Dedo"
"VID_20201004_185106.mp4#t=2.95.jpg",792.3809523809524,332.6549079754601,1111.718426501035,413.48926380368096,"Panel"
"VID_20201004_185106.mp4#t=2.95.jpg",420.0414078674948,343.2561349693251,784.4306418219462,406.86349693251526,"Panel"
"VID_20201004_185106.mp4#t=2.95.jpg",104.67908902691511,348.55674846625766,279.58592132505174,398.91257668711654,"Panel"
"VID_20201004_185106.mp4#t=2.95.jpg",0,388.3113496932515,72.87784679089027,454.5690184049079,"Panel"
"VID_20201004_185106.mp4#t=11.033333.jpg",21.200828157349896,439.9923312883435,222.6086956521739,491.6733128834355,"Panel"
"VID_20201004_185106.mp4#t=11.033333.jpg",271.63561076604555,438.66717791411037,478.343685300207,526.1273006134969,"Panel"
"VID_20201004_185106.mp4#t=11.033333.jpg",512.7950310559006,406.8634969325153,693.0020703933748,489.0230061349693,"Panel"
"VID_20201004_185106.mp4#t=11.033333.jpg",830.8074534161491,408.18865030674846,1254.8240165631469,477.09662576687117,"Panel"
"VID_20201004_185106.mp4#t=11.033333.jpg",1258.7991718426501,388.3113496932515,1639.089026915114,470.4708588957055,"Panel"
"VID_20201004_185106.mp4#t=11.033333.jpg",384.26501035196685,530.1027607361963,583.0227743271221,735.5015337423313,"Dedo"
"VID_20201004_185106.mp4#t=8.65.jpg",74.20289855072464,462.5199386503067,292.83643892339546,553.9555214723925,"Panel"
"VID_20201004_185106.mp4#t=8.65.jpg",327.28778467908904,416.13957055214723,516.7701863354038,516.851226993865,"Panel"
"VID_20201004_185106.mp4#t=8.65.jpg",643.975155279503,437.3420245398773,1054.7412008281572,526.1273006134969,"Panel"
"VID_20201004_185106.mp4#t=8.65.jpg",1036.1904761904761,446.61809815950915,1469.4824016563148,538.053680981595,"Panel"
"VID_20201004_185106.mp4#t=8.65.jpg",1074.6169772256728,499.6242331288343,1229.648033126294,744.7776073619632,"Dedo"
"VID_20201004_185106.mp4#t=10.216667.jpg",5.300207039337474,466.4953987730061,169.60662525879917,528.7776073619632,"Panel"
"VID_20201004_185106.mp4#t=10.216667.jpg",213.33333333333334,477.0966257668711,422.6915113871636,563.2315950920245,"Panel"
"VID_20201004_185106.mp4#t=10.216667.jpg",451.84265010351965,425.4156441717791,646.6252587991718,508.9003067484662,"Panel"
"VID_20201004_185106.mp4#t=10.216667.jpg",773.8302277432712,433.36656441717787,1189.8964803312629,510.22546012269936,"Panel"
"VID_20201004_185106.mp4#t=10.216667.jpg",1204.472049689441,434.691717791411,1586.0869565217392,508.9003067484662,"Panel"
"VID_20201004_185106.mp4#t=10.216667.jpg",632.0496894409938,546.0046012269938,869.2339544513458,742.1273006134969,"Dedo"
"VID_20201004_185106.mp4#t=9.666667.jpg",0,465.170245398773,100.70393374741201,532.7530674846626,"Panel"
"VID_20201004_185106.mp4#t=9.666667.jpg",103.35403726708074,474.4463190184049,377.639751552795,553.9555214723927,"Panel"
"VID_20201004_185106.mp4#t=9.666667.jpg",402.81573498964804,443.9677914110429,590.9730848861284,515.5260736196319,"Panel"
"VID_20201004_185106.mp4#t=9.666667.jpg",707.5776397515527,438.66717791411037,1126.2939958592133,520.8266871165644,"Panel"
"VID_20201004_185106.mp4#t=9.666667.jpg",1113.0434782608695,420.1150306748466,1533.0848861283644,527.45245398773,"Panel"
"VID_20201004_185106.mp4#t=9.666667.jpg",988.4886128364387,559.256134969325,1184.5962732919252,760.6794478527605,"Dedo"
"VID_20201004_185106.mp4#t=7.5.jpg",963.312629399586,445.29294478527606,1338.3022774327123,556.6058282208589,"Panel"
"VID_20201004_185106.mp4#t=7.5.jpg",575.0724637681159,442.6426380368098,963.3126293995858,536.7285276073619,"Panel"
"VID_20201004_185106.mp4#t=7.5.jpg",14.575569358178054,473.12116564417175,230.55900621118013,555.2806748466257,"Panel"
"VID_20201004_185106.mp4#t=7.5.jpg",268.9855072463768,449.2684049079754,453.16770186335407,514.2009202453987,"Panel"
"VID_20201004_185106.mp4#t=7.5.jpg",1005.7142857142857,565.8819018404907,1209.7722567287783,739.4769938650306,"Dedo"
"VID_20201004_185106.mp4#t=17.15.jpg",129.85507246376812,270.37269938650303,348.48861283643896,356.5076687116564,"Panel"
"VID_20201004_185106.mp4#t=17.15.jpg",522.0703933747412,283.62423312883436,988.488612836439,384.3358895705521,"Panel"
"VID_20201004_185106.mp4#t=17.15.jpg",997.7639751552795,294.22546012269936,1339.6273291925465,379.03527607361957,"Panel"
"VID_20201004_185106.mp4#t=17.15.jpg",1128.944099378882,445.29294478527606,1367.4534161490683,655.9923312883435,"Dedo"
"VID_20201004_185106.mp4#t=12.716667.jpg",1351.552795031056,372.40950920245393,1705.3416149068323,479.74693251533733,"Panel"
"VID_20201004_185106.mp4#t=12.716667.jpg",914.2857142857142,392.2868098159509,1331.6770186335402,473.12116564417175,"Panel"
"VID_20201004_185106.mp4#t=12.716667.jpg",590.9730848861284,393.61196319018404,771.1801242236025,453.24386503067484,"Panel"
"VID_20201004_185106.mp4#t=12.716667.jpg",332.5879917184265,430.71625766871165,556.5217391304348,508.9003067484663,"Panel"
"VID_20201004_185106.mp4#t=12.716667.jpg",128.53002070393376,430.71625766871165,303.4368530020704,482.39723926380367,"Panel"
"VID_20201004_185106.mp4#t=12.716667.jpg",567.1221532091097,528.7776073619632,749.9792960662526,724.9003067484663,"Dedo"
"VID_20201004_185106.mp4#t=15.733333.jpg",1303.8509316770187,385.66104294478527,1653.6645962732919,474.4463190184049,"Panel"
"VID_20201004_185106.mp4#t=15.733333.jpg",841.407867494824,372.40950920245393,1277.3498964803312,473.1211656441717,"Panel"
"VID_20201004_185106.mp4#t=15.733333.jpg",1038.840579710145,380.3604294478527,1199.1718426501036,612.2622699386502,"Dedo"
"VID_20201004_185106.mp4#t=15.733333.jpg",503.51966873706004,386.98619631901835,695.6521739130435,454.5690184049079,"Panel"
"VID_20201004_185106.mp4#t=15.733333.jpg",222.6086956521739,430.71625766871165,458.46790890269153,503.5996932515337,"Panel"
"VID_20201004_185106.mp4#t=15.733333.jpg",0,410.8389570552147,180.20703933747413,483.72239263803675,"Panel"
"VID_20201004_185106.mp4#t=13.983333.jpg",1382.0289855072463,368.4340490797546,1750.3933747412007,469.14570552147234,"Panel"
"VID_20201004_185106.mp4#t=13.983333.jpg",936.8115942028985,375.0598159509202,1364.8033126293994,458.54447852760734,"Panel"
"VID_20201004_185106.mp4#t=13.983333.jpg",588.3229813664597,369.7592024539877,792.3809523809524,441.31748466257665,"Panel"
"VID_20201004_185106.mp4#t=13.983333.jpg",353.78881987577637,401.5628834355828,568.4472049689441,487.69785276073617,"Panel"
"VID_20201004_185106.mp4#t=13.983333.jpg",103.35403726708074,380.3604294478527,311.3871635610766,454.5690184049079,"Panel"
"VID_20201004_185106.mp4#t=13.983333.jpg",1033.5403726708075,400.2377300613497,1223.0227743271223,575.1579754601227,"Dedo"
"VID_20201004_185106.mp4#t=14.8.jpg",1383.3540372670807,373.73466257668707,1780.8695652173913,470.4708588957055,"Panel"
"VID_20201004_185106.mp4#t=14.8.jpg",930.1863354037267,373.73466257668707,1371.4285714285716,459.8696319018404,"Panel"
"VID_20201004_185106.mp4#t=14.8.jpg",598.9233954451346,365.7837423312883,795.0310559006211,445.292944785276,"Panel"
"VID_20201004_185106.mp4#t=14.8.jpg",331.26293995859214,396.26226993865026,553.871635610766,478.42177914110425,"Panel"
"VID_20201004_185106.mp4#t=14.8.jpg",88.77846790890268,381.68558282208585,310.0621118012422,437.34202453987723,"Panel"
"VID_20201004_185106.mp4#t=14.8.jpg",1098.4679089026915,530.1027607361963,1290.600414078675,748.7530674846626,"Dedo"
"VID_20201004_185106.mp4#t=21.483333.jpg",83.47826086956522,390.96165644171776,214.6583850931677,434.691717791411,"Panel"
"VID_20201004_185106.mp4#t=21.483333.jpg",227.90890269151137,379.0352760736196,369.6894409937888,436.01687116564415,"Panel"
"VID_20201004_185106.mp4#t=21.483333.jpg",422.69151138716353,375.0598159509202,671.8012422360248,436.01687116564415,"Panel"
"VID_20201004_185106.mp4#t=21.483333.jpg",699.6273291925465,373.73466257668707,958.0124223602484,466.49539877300606,"Panel"
"VID_20201004_185106.mp4#t=21.483333.jpg",984.5134575569358,331.32975460122697,1212.4223602484471,398.91257668711654,"Panel"
"VID_20201004_185106.mp4#t=21.483333.jpg",1397.9296066252589,330.0046012269938,1920,392.28680981595085,"Panel"
"VID_20201004_185106.mp4#t=21.483333.jpg",722.1532091097308,436.01687116564415,1005.7142857142857,636.1150306748466,"Dedo"
"VID_20201004_185106.mp4#t=18.616667.jpg",145.75569358178055,369.7592024539877,392.2153209109731,446.61809815950915,"Panel"
"VID_20201004_185106.mp4#t=18.616667.jpg",0,432.04141104294473,107.32919254658385,514.2009202453987,"Panel"
"VID_20201004_185106.mp4#t=18.616667.jpg",563.1469979296066,372.40950920245393,1036.1904761904761,441.31748466257665,"Panel"
"VID_20201004_185106.mp4#t=18.616667.jpg",1037.5155279503106,343.2561349693251,1419.1304347826087,422.7653374233128,"Panel"
"VID_20201004_185106.mp4#t=18.616667.jpg",1078.5921325051759,410.8389570552147,1289.2753623188405,604.3113496932515,"Dedo"
"VID_20201004_185106.mp4#t=22.816667.jpg",193.4575569358178,388.3113496932515,298.1366459627329,432.04141104294473,"Panel"
"VID_20201004_185106.mp4#t=22.816667.jpg",325.9627329192547,371.08435582822085,457.14285714285717,430.71625766871165,"Panel"
"VID_20201004_185106.mp4#t=22.816667.jpg",533.9958592132505,375.0598159509202,765.879917184265,434.691717791411,"Panel"
"VID_20201004_185106.mp4#t=22.816667.jpg",812.2567287784678,384.3358895705521,1052.0910973084885,465.170245398773,"Panel"
"VID_20201004_185106.mp4#t=22.816667.jpg",1097.142857142857,330.0046012269938,1335.6521739130435,394.9371165644171,"Panel"
"VID_20201004_185106.mp4#t=22.816667.jpg",1525.134575569358,308.8021472392638,1920,396.26226993865026,"Panel"
"VID_20201004_185106.mp4#t=22.816667.jpg",649.2753623188406,447.9432515337423,893.0848861283644,613.5874233128834,"Dedo"
"VID_20201004_185106.mp4#t=24.2.jpg",88.77846790890268,348.55674846625766,205.38302277432712,404.21319018404904,"Panel"
"VID_20201004_185106.mp4#t=24.2.jpg",230.55900621118013,336.63036809815947,385.5900621118012,405.5383435582822,"Panel"
"VID_20201004_185106.mp4#t=24.2.jpg",466.41821946169773,361.80828220858893,708.9026915113872,418.78987730061345,"Panel"
"VID_20201004_185106.mp4#t=24.2.jpg",744.6790890269151,368.4340490797546,1014.9896480331263,453.2438650306748,"Panel"
"VID_20201004_185106.mp4#t=24.2.jpg",1056.0662525879918,318.0782208588957,1295.9006211180126,405.5383435582822,"Panel"
"VID_20201004_185106.mp4#t=24.2.jpg",1485.3830227743272,324.7039877300613,1920,413.48926380368096,"Panel"
"VID_20201004_185106.mp4#t=24.2.jpg",577.7225672877847,425.4156441717791,804.3064182194618,652.0168711656441,"Dedo"
"VID_20201004_185106.mp4#t=19.883333.jpg",278.2608695652174,400.2377300613497,547.2463768115942,479.7469325153374,"Panel"
"VID_20201004_185106.mp4#t=19.883333.jpg",0,396.26226993865026,243.8095238095238,454.5690184049079,"Panel"
"VID_20201004_185106.mp4#t=19.883333.jpg",585.6728778467909,343.2561349693251,813.5817805383023,422.7653374233128,"Panel"
"VID_20201004_185106.mp4#t=19.883333.jpg",958.0124223602485,337.9555214723926,1457.5569358178054,392.2868098159509,"Panel"
"VID_20201004_185106.mp4#t=19.883333.jpg",1457.5569358178054,290.25,1840.4968944099378,372.409509202454,"Panel"
"VID_20201004_185106.mp4#t=19.883333.jpg",801.6563146997929,376.38496932515335,1048.1159420289855,568.532208588957,"Dedo"
"VID_20201004_185106.mp4#t=27.083333.jpg",0,288.92484662576686,226.583850931677,383.010736196319,"Panel"
"VID_20201004_185106.mp4#t=27.083333.jpg",308.73706004140786,254.4708588957055,576.3975155279503,336.63036809815947,"Panel"
"VID_20201004_185106.mp4#t=27.083333.jpg",776.4803312629399,255.79601226993864,1305.175983436853,348.55674846625766,"Panel"
"VID_20201004_185106.mp4#t=27.083333.jpg",1290.600414078675,254.4708588957055,1710.6418219461698,359.15797546012266,"Panel"
"VID_20201004_185106.mp4#t=27.083333.jpg",950.0621118012423,451.9187116564417,1179.296066252588,701.0475460122699,"Dedo"
"VID_20201004_185106.mp4#t=25.55.jpg",127.20496894409938,337.9555214723926,401.49068322981367,414.81441717791404,"Panel"
"VID_20201004_185106.mp4#t=25.55.jpg",445.2173913043478,359.15797546012266,732.7536231884058,458.54447852760734,"Panel"
"VID_20201004_185106.mp4#t=25.55.jpg",793.7060041407867,320.7285276073619,1045.4658385093167,406.86349693251526,"Panel"
"VID_20201004_185106.mp4#t=25.55.jpg",1226.9979296066253,332.6549079754601,1802.0703933747413,425.41564417177915,"Panel"
"VID_20201004_185106.mp4#t=25.55.jpg",854.6583850931677,432.04141104294473,1091.8426501035196,674.5444785276072,"Dedo"
"VID_20201004_185106.mp4#t=31.583333.jpg",157.68115942028984,351.2070552147239,275.61076604554864,402.8880368098159,"Panel"
"VID_20201004_185106.mp4#t=31.583333.jpg",319.3374741200828,333.98006134969324,483.6438923395445,397.5874233128834,"Panel"
"VID_20201004_185106.mp4#t=31.583333.jpg",563.1469979296066,333.98006134969324,867.9089026915115,401.5628834355828,"Panel"
"VID_20201004_185106.mp4#t=31.583333.jpg",902.360248447205,335.3052147239264,1236.2732919254659,424.090490797546,"Panel"
"VID_20201004_185106.mp4#t=31.583333.jpg",1291.9254658385094,273.0230061349693,1579.4616977225674,336.63036809815947,"Panel"
"VID_20201004_185106.mp4#t=31.583333.jpg",1835.1966873706003,257.12116564417175,1920,336.63036809815947,"Panel"
"VID_20201004_185106.mp4#t=31.583333.jpg",764.5548654244307,433.36656441717787,1034.8654244306417,681.170245398773,"Dedo"
"VID_20201004_185106.mp4#t=29.566667.jpg",112.62939958592132,326.02914110429447,479.6687370600414,449.2684049079754,"Panel"
"VID_20201004_185106.mp4#t=29.566667.jpg",532.6708074534162,282.2990797546012,808.2815734989648,367.1088957055215,"Panel"
"VID_20201004_185106.mp4#t=29.566667.jpg",1017.639751552795,274.34815950920245,1575.486542443064,355.1825153374233,"Panel"
"VID_20201004_185106.mp4#t=29.566667.jpg",1592.712215320911,266.39723926380367,1920,347.2315950920245,"Panel"
"VID_20201004_185106.mp4#t=29.566667.jpg",918.2608695652174,398.91257668711654,1146.1697722567287,629.489263803681,"Dedo"
"VID_20201004_185106.mp4#t=33.333333.jpg",218.6335403726708,316.75306748466255,348.48861283643896,377.7101226993865,"Panel"
"VID_20201004_185106.mp4#t=33.333333.jpg",393.54037267080747,314.1027607361963,564.4720496894411,381.68558282208585,"Panel"
"VID_20201004_185106.mp4#t=33.333333.jpg",659.8757763975156,302.17638036809814,948.7370600414079,384.3358895705521,"Panel"
"VID_20201004_185106.mp4#t=33.333333.jpg",992.463768115942,327.3542944785276,1321.0766045548653,413.48926380368096,"Panel"
"VID_20201004_185106.mp4#t=33.333333.jpg",1403.2298136645963,247.84509202453987,1694.7412008281574,344.5812883435583,"Panel"
"VID_20201004_185106.mp4#t=33.333333.jpg",646.6252587991719,357.8328220858895,907.6604554865426,606.9616564417177,"Dedo"
"VID_20201004_185106.mp4#t=35.766667.jpg",331.26293995859214,353.85736196319016,406.79089026915113,414.8144171779141,"Panel"
"VID_20201004_185106.mp4#t=35.766667.jpg",435.94202898550725,348.55674846625766,564.4720496894411,410.8389570552147,"Panel"
"VID_20201004_185106.mp4#t=35.766667.jpg",604.223602484472,341.930981595092,771.1801242236024,412.1641104294479,"Panel"
"VID_20201004_185106.mp4#t=35.766667.jpg",29.151138716356108,385.66104294478527,100.70393374741201,421.44018404907973,"Panel"
"VID_20201004_185106.mp4#t=35.766667.jpg",842.7329192546583,336.63036809815947,1183.271221532091,413.48926380368096,"Panel"
"VID_20201004_185106.mp4#t=35.766667.jpg",1221.6977225672879,345.9064417177914,1591.3871635610767,436.01687116564415,"Panel"
"VID_20201004_185106.mp4#t=35.766667.jpg",1669.5652173913043,271.69785276073617,1920,356.5076687116564,"Panel"
"VID_20201004_185106.mp4#t=35.766667.jpg",353.78881987577637,367.10889570552143,621.4492753623188,599.0107361963189,"Dedo"
"VID_20201004_185214.mp4#t=10.083333.jpg",197.43271221532092,344.58128834355824,263.68530020703935,377.7101226993865,"Panel"
"VID_20201004_185214.mp4#t=10.083333.jpg",462.44306418219463,347.2315950920245,526.0455486542443,384.3358895705521,"Panel"
"VID_20201004_185214.mp4#t=10.083333.jpg",544.5962732919255,343.2561349693251,702.2774327122154,408.1886503067484,"Panel"
"VID_20201004_185214.mp4#t=10.083333.jpg",755.27950310559,351.2070552147239,977.8881987577639,412.1641104294478,"Panel"
"VID_20201004_185214.mp4#t=10.083333.jpg",1049.44099378882,373.73466257668707,1224.3478260869565,434.691717791411,"Panel"
"VID_20201004_185214.mp4#t=10.083333.jpg",1250.8488612836438,390.96165644171776,1403.2298136645961,445.29294478527606,"Panel"
"VID_20201004_185214.mp4#t=10.083333.jpg",1478.7577639751553,408.18865030674846,1617.888198757764,461.1947852760736,"Panel"
"VID_20201004_185214.mp4#t=10.083333.jpg",852.008281573499,442.6426380368098,1110.393374741201,701.0475460122699,"Dedo"
"VID_20201004_185214.mp4#t=5.866667.jpg",935.4865424430642,392.2868098159509,1095.8178053830227,447.94325153374234,"Panel"
"VID_20201004_185214.mp4#t=5.866667.jpg",749.9792960662526,390.96165644171776,912.9606625258799,433.36656441717787,"Panel"
"VID_20201004_185214.mp4#t=5.866667.jpg",453.167701863354,371.08435582822085,685.0517598343686,428.06595092024537,"Panel"
"VID_20201004_185214.mp4#t=5.866667.jpg",261.0351966873706,375.0598159509202,410.76604554865423,417.4647239263803,"Panel"
"VID_20201004_185214.mp4#t=5.866667.jpg",169.60662525879917,373.73466257668707,235.8592132505176,406.8634969325153,"Panel"
"VID_20201004_185214.mp4#t=5.866667.jpg",1160.745341614907,410.8389570552147,1287.9503105590063,457.2193251533742,"Panel"
"VID_20201004_185214.mp4#t=5.866667.jpg",1338.3022774327121,324.7039877300613,1570.1863354037266,389.6365030674846,"Panel"
"VID_20201004_185214.mp4#t=5.866667.jpg",1081.2422360248447,462.5199386503067,1407.2049689440994,677.1947852760736,"Dedo"
"VID_20201004_185214.mp4#t=7.133333.jpg",212.00828157349895,384.3358895705521,284.8861283643892,418.78987730061345,"Panel"
"VID_20201004_185214.mp4#t=7.133333.jpg",315.3623188405797,376.38496932515335,484.96894409937886,425.4156441717791,"Panel"
"VID_20201004_185214.mp4#t=7.133333.jpg",494.2443064182195,364.4585889570552,747.3291925465838,433.3665644171779,"Panel"
"VID_20201004_185214.mp4#t=7.133333.jpg",816.231884057971,390.96165644171776,983.1884057971015,437.3420245398773,"Panel"
"VID_20201004_185214.mp4#t=7.133333.jpg",996.4389233954452,398.91257668711654,1163.3954451345755,453.24386503067484,"Panel"
"VID_20201004_185214.mp4#t=7.133333.jpg",1221.6977225672879,418.78987730061345,1355.5279503105592,465.170245398773,"Panel"
"VID_20201004_185214.mp4#t=7.133333.jpg",1435.0310559006211,326.02914110429447,1676.1904761904761,410.8389570552147,"Panel"
"VID_20201004_185214.mp4#t=7.133333.jpg",999.0890269151139,453.24386503067484,1230.9730848861284,658.6426380368098,"Dedo"
"VID_20201004_185214.mp4#t=4.65.jpg",1113.0434782608695,400.2377300613497,1223.022774327122,438.6671779141104,"Panel"
"VID_20201004_185214.mp4#t=4.65.jpg",935.4865424430642,390.96165644171776,1033.5403726708075,426.74079754601223,"Panel"
"VID_20201004_185214.mp4#t=4.65.jpg",702.2774327122153,381.68558282208585,838.7577639751553,425.4156441717791,"Panel"
"VID_20201004_185214.mp4#t=4.65.jpg",394.86542443064184,373.73466257668707,612.1739130434783,412.1641104294478,"Panel"
"VID_20201004_185214.mp4#t=4.65.jpg",202.73291925465838,367.10889570552143,351.1387163561077,402.8880368098159,"Panel"
"VID_20201004_185214.mp4#t=4.65.jpg",113.95445134575569,373.73466257668707,162.98136645962734,402.8880368098159,"Panel"
"VID_20201004_185214.mp4#t=4.65.jpg",1114.368530020704,450.59355828220856,1416.48033126294,674.5444785276073,"Dedo"
"VID_20201004_185214.mp4#t=4.65.jpg",1258.7991718426501,300.851226993865,1446.9565217391305,373.73466257668707,"Panel"
"VID_20201004_185214.mp4#t=27.483333.jpg",809.6066252587991,298.2009202453988,1248.1987577639752,383.01073619631904,"Panel"
"VID_20201004_185214.mp4#t=27.483333.jpg",967.287784679089,416.13957055214723,1303.8509316770187,699.7223926380368,"Dedo"
"VID_20201004_185214.mp4#t=27.483333.jpg",307.4120082815735,336.63036809815947,394.86542443064184,404.21319018404904,"Panel"
"VID_20201004_185214.mp4#t=27.483333.jpg",91.42857142857143,304.8266871165644,251.75983436853,373.7346625766871,"Panel"
"VID_20201004_185214.mp4#t=27.483333.jpg",0,296.87576687116564,66.25258799171843,363.1334355828221,"Panel"
"VID_20201004_185214.mp4#t=29.866667.jpg",1552.9606625258798,280.9739263803681,1920,379.0352760736196,"Panel"
"VID_20201004_185214.mp4#t=29.866667.jpg",1018.9648033126294,375.0598159509202,1109.0683229813665,421.44018404907973,"Panel"
"VID_20201004_185214.mp4#t=29.866667.jpg",854.6583850931677,341.930981595092,984.5134575569358,412.1641104294479,"Panel"
"VID_20201004_185214.mp4#t=29.866667.jpg",665.175983436853,324.7039877300613,837.4327122153209,394.9371165644171,"Panel"
"VID_20201004_185214.mp4#t=29.866667.jpg",235.8592132505176,296.87576687116564,588.3229813664595,380.36042944785277,"Panel"
"VID_20201004_185214.mp4#t=29.866667.jpg",1.3250517598343685,269.0475460122699,173.58178053830227,372.40950920245393,"Panel"
"VID_20201004_185214.mp4#t=29.866667.jpg",889.1097308488613,450.59355828220856,1127.6190476190477,719.5996932515337,"Dedo"
"VID_20201004_185519.mp4#t=0.583333.jpg",84.80331262939958,262.42177914110425,430.6418219461698,451.9187116564417,"Panel"
"VID_20201004_185519.mp4#t=0.583333.jpg",427.99171842650105,266.39723926380367,747.3291925465838,477.09662576687117,"Panel"
"VID_20201004_185519.mp4#t=0.583333.jpg",738.0538302277432,369.7592024539877,1079.9171842650103,474.4463190184049,"Panel"
"VID_20201004_185519.mp4#t=0.583333.jpg",1127.6190476190477,420.1150306748466,1454.9068322981368,503.5996932515337,"Panel"
"VID_20201004_185519.mp4#t=0.583333.jpg",1726.5424430641822,438.66717791411037,1920,495.6487730061349,"Panel"
"VID_20201004_185214.mp4#t=32.1.jpg",215.98343685300208,310.1273006134969,337.888198757764,369.7592024539877,"Panel"
"VID_20201004_185214.mp4#t=32.1.jpg",418.71635610766043,328.6794478527607,465.0931677018633,381.68558282208585,"Panel"
"VID_20201004_185214.mp4#t=32.1.jpg",696.9772256728778,294.22546012269936,817.5569358178053,360.4831288343558,"Panel"
"VID_20201004_185214.mp4#t=32.1.jpg",873.2091097308488,292.9003067484662,1093.167701863354,375.0598159509202,"Panel"
"VID_20201004_185214.mp4#t=32.1.jpg",1144.8447204968943,302.17638036809814,1481.407867494824,381.68558282208585,"Panel"
"VID_20201004_185214.mp4#t=32.1.jpg",1576.8115942028985,322.05368098159505,1742.4430641821946,397.5874233128834,"Panel"
"VID_20201004_185214.mp4#t=32.1.jpg",1768.944099378882,336.63036809815947,1920,402.8880368098159,"Panel"
"VID_20201004_185214.mp4#t=32.1.jpg",760.5797101449275,413.48926380368096,1007.0393374741201,642.7407975460122,"Dedo"
"VID_20201004_185214.mp4#t=23.583333.jpg",141.78053830227742,322.05368098159505,371.0144927536232,392.28680981595085,"Panel"
"VID_20201004_185214.mp4#t=23.583333.jpg",0,312.7776073619632,66.25258799171843,375.0598159509202,"Panel"
"VID_20201004_185214.mp4#t=23.583333.jpg",425.3416149068323,328.6794478527607,712.8778467908903,414.81441717791404,"Panel"
"VID_20201004_185214.mp4#t=23.583333.jpg",809.6066252587991,364.4585889570552,971.2629399585921,434.69171779141107,"Panel"
"VID_20201004_185214.mp4#t=23.583333.jpg",975.2380952380952,384.3358895705521,1103.768115942029,450.59355828220856,"Panel"
"VID_20201004_185214.mp4#t=23.583333.jpg",1168.695652173913,414.8144171779141,1269.399585921325,462.5199386503067,"Panel"
"VID_20201004_185214.mp4#t=23.583333.jpg",1640.4140786749483,322.05368098159505,1920,422.7653374233128,"Panel"
"VID_20201004_185214.mp4#t=23.583333.jpg",1237.5983436853003,516.851226993865,1497.3084886128365,768.6303680981595,"Dedo"
"VID_20201004_185519.mp4#t=2.466667.jpg",113.95445134575569,265.07208588957053,455.81780538302274,451.9187116564417,"Panel"
"VID_20201004_185519.mp4#t=2.466667.jpg",441.2422360248447,250.49539877300612,765.879917184265,471.7960122699386,"Panel"
"VID_20201004_185519.mp4#t=2.466667.jpg",760.5797101449275,359.15797546012266,1095.8178053830227,465.170245398773,"Panel"
"VID_20201004_185519.mp4#t=2.466667.jpg",1085.2173913043478,412.1641104294478,1480.0828157349897,511.55061349693244,"Panel"
"VID_20201004_185519.mp4#t=2.466667.jpg",1750.393374741201,429.3911042944785,1920,522.1518404907976,"Panel"
"VID_20201004_185519.mp4#t=2.466667.jpg",1240.248447204969,515.5260736196319,1454.9068322981366,758.0291411042945,"Dedo"
"VID_20201004_185519.mp4#t=1.666667.jpg",98.05383022774328,267.7223926380368,426.6666666666667,462.5199386503067,"Panel"
"VID_20201004_185519.mp4#t=1.666667.jpg",455.81780538302274,261.09662576687117,732.7536231884058,469.1457055214724,"Panel"
"VID_20201004_185519.mp4#t=1.666667.jpg",728.7784679089027,377.7101226993865,1090.5175983436852,483.7223926380368,"Panel"
"VID_20201004_185519.mp4#t=1.666667.jpg",1098.4679089026915,424.09049079754595,1440.3312629399586,504.9248466257668,"Panel"
"VID_20201004_185519.mp4#t=1.666667.jpg",1731.8426501035196,434.691717791411,1920,520.8266871165644,"Panel"
"VID_20201004_185519.mp4#t=1.666667.jpg",1579.4616977225674,367.10889570552143,1873.6231884057972,663.9432515337423,"Dedo"
"VID_20201004_185519.mp4#t=3.383333.jpg",140.45548654244305,273.0230061349693,467.7432712215321,421.44018404907973,"Panel"
"VID_20201004_185519.mp4#t=3.383333.jpg",480.99378881987576,251.82055214723925,784.4306418219462,463.84509202453984,"Panel"
"VID_20201004_185519.mp4#t=3.383333.jpg",777.8053830227743,347.2315950920245,1146.1697722567287,467.82055214723925,"Panel"
"VID_20201004_185519.mp4#t=3.383333.jpg",1148.8198757763976,405.5383435582822,1495.983436853002,486.37269938650303,"Panel"
"VID_20201004_185519.mp4#t=3.383333.jpg",1786.1697722567287,417.4647239263803,1920,508.90030674846616,"Panel"
"VID_20201004_185519.mp4#t=3.383333.jpg",1281.3250517598344,477.0966257668711,1521.159420289855,718.2745398773005,"Dedo"
"VID_20201004_185519.mp4#t=1.216667.jpg",63.60248447204969,282.2990797546012,422.6915113871636,461.1947852760736,"Panel"
"VID_20201004_185519.mp4#t=1.216667.jpg",425.3416149068323,261.09662576687117,738.0538302277432,490.34815950920245,"Panel"
"VID_20201004_185519.mp4#t=1.216667.jpg",714.2028985507246,388.3113496932515,1083.8923395445136,499.6242331288343,"Panel"
"VID_20201004_185519.mp4#t=1.216667.jpg",1079.9171842650103,424.09049079754595,1460.207039337474,524.8021472392637,"Panel"
"VID_20201004_185519.mp4#t=1.216667.jpg",1725.2173913043478,438.66717791411037,1920,523.4769938650306,"Panel"
"VID_20201004_185519.mp4#t=4.866667.jpg",319.3374741200828,267.7223926380368,640,449.2684049079754,"Panel"
"VID_20201004_185519.mp4#t=4.866667.jpg",628.0745341614906,267.7223926380368,956.687370600414,491.6733128834355,"Panel"
"VID_20201004_185519.mp4#t=4.866667.jpg",944.7619047619047,364.4585889570552,1280,483.7223926380368,"Panel"
"VID_20201004_185519.mp4#t=4.866667.jpg",1299.8757763975154,430.71625766871165,1682.8157349896478,555.2806748466257,"Panel"
"VID_20201004_185519.mp4#t=4.866667.jpg",1095.8178053830227,481.07208588957053,1346.2525879917184,718.2745398773006,"Dedo"
"VID_20201004_185519.mp4#t=9.416667.jpg",548.5714285714286,253.14570552147237,875.8592132505175,434.691717791411,"Panel"
"VID_20201004_185519.mp4#t=9.416667.jpg",861.2836438923396,247.84509202453987,1177.9710144927535,455.89417177914106,"Panel"
"VID_20201004_185519.mp4#t=9.416667.jpg",1142.1946169772257,345.9064417177914,1555.6107660455486,457.2193251533742,"Panel"
"VID_20201004_185519.mp4#t=9.416667.jpg",1590.0621118012423,434.691717791411,1920,538.0536809815951,"Panel"
"VID_20201004_185519.mp4#t=9.416667.jpg",637.3498964803313,416.13957055214723,869.2339544513458,630.814417177914,"Dedo"
"VID_20201004_185519.mp4#t=8.666667.jpg",492.9192546583851,271.69785276073617,842.7329192546583,445.29294478527606,"Panel"
"VID_20201004_185519.mp4#t=8.666667.jpg",822.8571428571429,267.7223926380368,1147.4948240165631,482.39723926380367,"Panel"
"VID_20201004_185519.mp4#t=8.666667.jpg",1151.4699792960662,368.4340490797546,1474.782608695652,470.4708588957055,"Panel"
"VID_20201004_185519.mp4#t=8.666667.jpg",1525.134575569358,434.691717791411,1905.4244306418218,518.1763803680981,"Panel"
"VID_20201004_185519.mp4#t=8.666667.jpg",723.4782608695652,416.13957055214723,905.0103519668737,638.7653374233129,"Dedo"
"VID_20201004_185519.mp4#t=6.433333.jpg",368.36438923395445,276.99846625766867,711.5527950310559,447.9432515337423,"Panel"
"VID_20201004_185519.mp4#t=6.433333.jpg",702.2774327122153,265.07208588957053,1007.03933747412,489.02300613496925,"Panel"
"VID_20201004_185519.mp4#t=6.433333.jpg",1008.3643892339544,390.96165644171776,1352.87784679089,489.0230061349693,"Panel"
"VID_20201004_185519.mp4#t=6.433333.jpg",1396.6045548654245,450.59355828220856,1771.5942028985507,534.0782208588956,"Panel"
"VID_20201004_185519.mp4#t=6.433333.jpg",961.9875776397515,498.29907975460117,1172.670807453416,732.8512269938649,"Dedo"
"VID_20201004_185519.mp4#t=5.583333.jpg",356.43892339544516,262.42177914110425,659.8757763975156,445.292944785276,"Panel"
"VID_20201004_185519.mp4#t=5.583333.jpg",667.8260869565217,243.86963190184048,979.2132505175983,473.12116564417175,"Panel"
"VID_20201004_185519.mp4#t=5.583333.jpg",946.0869565217391,371.08435582822085,1319.751552795031,479.7469325153374,"Panel"
"VID_20201004_185519.mp4#t=5.583333.jpg",1333.0020703933747,450.59355828220856,1697.391304347826,534.0782208588956,"Panel"
"VID_20201004_185519.mp4#t=5.583333.jpg",1085.2173913043478,498.29907975460117,1330.3519668737058,738.1518404907974,"Dedo"
"VID_20201004_185519.mp4#t=7.55.jpg",458.46790890269153,290.25,748.6542443064183,463.8450920245399,"Panel"
"VID_20201004_185519.mp4#t=7.55.jpg",781.7805383022775,279.64877300613495,1078.592132505176,486.37269938650303,"Panel"
"VID_20201004_185519.mp4#t=7.55.jpg",1064.016563146998,361.80828220858893,1428.4057971014493,479.7469325153374,"Panel"
"VID_20201004_185519.mp4#t=7.55.jpg",1444.3064182194616,453.24386503067484,1848.447204968944,527.45245398773,"Panel"
"VID_20201004_185519.mp4#t=7.55.jpg",791.055900621118,489.0230061349693,1016.3146997929606,654.6671779141104,"Dedo"
"VID_20201004_185519.mp4#t=10.3.jpg",477.01863354037266,230.61809815950917,805.6314699792961,404.21319018404904,"Panel"
"VID_20201004_185519.mp4#t=10.3.jpg",813.5817805383023,225.31748466257667,1138.2194616977226,436.01687116564415,"Panel"
"VID_20201004_185519.mp4#t=10.3.jpg",1132.9192546583852,339.28067484662574,1478.7577639751553,438.6671779141104,"Panel"
"VID_20201004_185519.mp4#t=10.3.jpg",1490.6832298136646,380.3604294478527,1894.824016563147,490.3481595092024,"Panel"
"VID_20201004_185519.mp4#t=10.3.jpg",689.0269151138716,383.010736196319,882.4844720496894,626.8389570552147,"Dedo"
"VID_20201004_185519.mp4#t=12.033333.jpg",15.900621118012422,189.5383435582822,397.5155279503105,390.96165644171776,"Panel"
"VID_20201004_185519.mp4#t=12.033333.jpg",404.1407867494824,198.8144171779141,726.1283643892339,433.36656441717787,"Panel"
"VID_20201004_185519.mp4#t=12.033333.jpg",708.9026915113872,331.32975460122697,1070.6418219461698,430.7162576687116,"Panel"
"VID_20201004_185519.mp4#t=12.033333.jpg",1093.167701863354,388.3113496932515,1411.1801242236024,457.2193251533742,"Panel"
"VID_20201004_185519.mp4#t=12.033333.jpg",1654.9896480331263,396.26226993865026,1920,479.7469325153374,"Panel"
"VID_20201004_185519.mp4#t=12.033333.jpg",834.7826086956521,394.9371165644171,1064.016563146998,622.8634969325153,"Dedo"
"VID_20201004_185519.mp4#t=13.883333.jpg",2.650103519668737,144.48312883435582,206.70807453416148,324.7039877300613,"Panel"
"VID_20201004_185519.mp4#t=13.883333.jpg",212.00828157349895,149.78374233128832,557.8467908902692,363.133435582822,"Panel"
"VID_20201004_185519.mp4#t=13.883333.jpg",560.4968944099379,276.99846625766867,895.7349896480332,364.45858895705516,"Panel"
"VID_20201004_185519.mp4#t=13.883333.jpg",938.1366459627329,341.930981595092,1232.2981366459628,418.7898773006135,"Panel"
"VID_20201004_185519.mp4#t=13.883333.jpg",1054.7412008281574,397.5874233128834,1298.5507246376812,573.8328220858896,"Dedo"
"VID_20201004_185519.mp4#t=13.883333.jpg",1444.3064182194616,348.55674846625766,1692.0910973084885,425.41564417177915,"Panel"
"VID_20201004_185519.mp4#t=11.25.jpg",120.57971014492753,200.13957055214723,480.9937888198758,372.40950920245393,"Panel"
"VID_20201004_185519.mp4#t=11.25.jpg",490.2691511387163,198.8144171779141,821.5320910973085,424.09049079754595,"Panel"
"VID_20201004_185519.mp4#t=11.25.jpg",820.2070393374742,300.851226993865,1159.4202898550725,420.1150306748466,"Panel"
"VID_20201004_185519.mp4#t=11.25.jpg",1170.0207039337474,385.66104294478527,1533.0848861283644,457.2193251533742,"Panel"
"VID_20201004_185519.mp4#t=11.25.jpg",653.2505175983437,401.5628834355828,890.4347826086956,629.489263803681,"Dedo"
"VID_20201004_185519.mp4#t=11.25.jpg",1803.3954451345755,405.5383435582822,1920,469.14570552147234,"Panel"
"VID_20201004_185519.mp4#t=12.966667.jpg",874.5341614906832,360.4831288343558,1126.2939958592133,637.4401840490797,"Dedo"
"VID_20201004_185519.mp4#t=12.966667.jpg",1525.134575569358,368.4340490797546,1820.6211180124224,455.89417177914106,"Panel"
"VID_20201004_185519.mp4#t=12.966667.jpg",973.9130434782609,352.532208588957,1311.8012422360248,450.59355828220856,"Panel"
"VID_20201004_185519.mp4#t=12.966667.jpg",606.8737060041408,308.8021472392638,971.2629399585921,408.1886503067484,"Panel"
"VID_20201004_185519.mp4#t=12.966667.jpg",284.8861283643892,181.58742331288343,614.824016563147,420.1150306748466,"Panel"
"VID_20201004_185519.mp4#t=12.966667.jpg",5.300207039337474,170.9861963190184,268.9855072463768,388.3113496932515,"Panel"
"VID_20201004_185519.mp4#t=17.883333.jpg",180.20703933747413,164.36042944785274,524.72049689441,339.28067484662574,"Panel"
"VID_20201004_185519.mp4#t=17.883333.jpg",536.6459627329192,181.58742331288343,853.3333333333333,376.38496932515335,"Panel"
"VID_20201004_185519.mp4#t=17.883333.jpg",871.8840579710145,302.17638036809814,1176.6459627329193,386.9861963190184,"Panel"
"VID_20201004_185519.mp4#t=17.883333.jpg",1192.5465838509317,352.532208588957,1495.983436853002,439.9923312883435,"Panel"
"VID_20201004_185519.mp4#t=17.883333.jpg",1721.2422360248447,386.98619631901835,1920,466.49539877300606,"Panel"
"VID_20201004_185519.mp4#t=17.883333.jpg",723.4782608695652,347.2315950920245,932.8364389233955,596.3604294478528,"Dedo"
"VID_20201004_185519.mp4#t=14.766667.jpg",0,156.409509202454,235.8592132505176,307.47699386503064,"Panel"
"VID_20201004_185519.mp4#t=14.766667.jpg",247.78467908902692,148.4585889570552,596.2732919254659,335.3052147239264,"Panel"
"VID_20201004_185519.mp4#t=14.766667.jpg",620.1242236024844,261.09662576687117,930.1863354037266,351.20705521472394,"Panel"
"VID_20201004_185519.mp4#t=14.766667.jpg",956.687370600414,311.45245398773005,1257.4741200828157,389.6365030674847,"Panel"
"VID_20201004_185519.mp4#t=14.766667.jpg",1464.1821946169773,320.7285276073619,1741.1180124223604,398.9125766871165,"Panel"
"VID_20201004_185519.mp4#t=14.766667.jpg",969.9378881987577,365.7837423312883,1226.9979296066253,645.3911042944785,"Dedo"
"VID_20201004_185519.mp4#t=15.75.jpg",944.7619047619047,347.2315950920245,1232.2981366459626,628.1641104294479,"Dedo"
"VID_20201004_185519.mp4#t=15.75.jpg",88.77846790890268,161.7101226993865,465.0931677018633,330.0046012269938,"Panel"
"VID_20201004_185519.mp4#t=15.75.jpg",465.09316770186336,173.63650306748465,779.1304347826087,372.40950920245393,"Panel"
"VID_20201004_185519.mp4#t=15.75.jpg",802.9813664596273,283.62423312883436,1111.718426501035,364.4585889570552,"Panel"
"VID_20201004_185519.mp4#t=15.75.jpg",1135.5693581780538,328.6794478527607,1436.3561076604556,404.21319018404904,"Panel"
"VID_20201004_185519.mp4#t=15.75.jpg",1678.840579710145,352.532208588957,1920,416.1395705521472,"Panel"
"VID_20201004_185519.mp4#t=16.716667.jpg",768.5300207039337,437.3420245398773,1046.790890269151,693.0966257668712,"Dedo"
"VID_20201004_185519.mp4#t=16.716667.jpg",314.0372670807453,169.66104294478527,622.7743271221532,340.6058282208589,"Panel"
"VID_20201004_185519.mp4#t=16.716667.jpg",641.3250517598343,198.8144171779141,968.6128364389233,384.3358895705521,"Panel"
"VID_20201004_185519.mp4#t=16.716667.jpg",958.0124223602485,307.47699386503064,1291.9254658385094,381.68558282208585,"Panel"
"VID_20201004_185519.mp4#t=16.716667.jpg",1306.5010351966873,381.68558282208585,1620.5383022774326,454.5690184049079,"Panel"
"VID_20201004_185519.mp4#t=16.716667.jpg",1852.4223602484471,397.5874233128834,1920,489.02300613496925,"Panel"
"VID_20201004_185519.mp4#t=18.666667.jpg",0,194.8389570552147,341.8633540372671,339.28067484662574,"Panel"
"VID_20201004_185519.mp4#t=18.666667.jpg",359.0890269151139,174.96165644171776,675.776397515528,409.51380368098154,"Panel"
"VID_20201004_185519.mp4#t=18.666667.jpg",671.8012422360248,292.9003067484662,1014.9896480331263,430.7162576687116,"Panel"
"VID_20201004_185519.mp4#t=18.666667.jpg",1028.24016563147,372.40950920245393,1314.4513457556936,470.4708588957055,"Panel"
"VID_20201004_185519.mp4#t=18.666667.jpg",1527.784679089027,416.13957055214723,1782.1946169772257,523.4769938650306,"Panel"
"VID_20201004_185519.mp4#t=18.666667.jpg",841.407867494824,367.10889570552143,1069.3167701863354,608.2868098159508,"Dedo"
"VID_20201004_185519.mp4#t=20.466667.jpg",905.0103519668737,446.61809815950915,1140.8695652173913,723.575153374233,"Dedo"
"VID_20201004_185519.mp4#t=20.466667.jpg",222.6086956521739,245.1947852760736,572.4223602484471,432.04141104294473,"Panel"
"VID_20201004_185519.mp4#t=20.466667.jpg",552.5465838509317,294.22546012269936,940.7867494824017,492.99846625766867,"Panel"
"VID_20201004_185519.mp4#t=20.466667.jpg",899.7101449275362,398.91257668711654,1257.4741200828157,512.8757668711656,"Panel"
"VID_20201004_185519.mp4#t=20.466667.jpg",1245.5486542443064,454.5690184049079,1551.6356107660454,534.0782208588956,"Panel"
"VID_20201004_185519.mp4#t=20.466667.jpg",1767.6190476190477,463.84509202453984,1920,577.8082822085889,"Panel"
"VID_20201004_185605.mp4#t=1.333333.jpg",1242.8985507246377,393.61196319018404,1599.3374741200828,494.3236196319018,"Panel"
"VID_20201004_185605.mp4#t=1.333333.jpg",1661.6149068322982,383.010736196319,1920,483.72239263803675,"Panel"
"VID_20201004_185605.mp4#t=2.716667.jpg",919.5859213250518,388.3113496932515,1211.097308488613,471.7960122699386,"Panel"
"VID_20201004_185605.mp4#t=2.716667.jpg",1254.8240165631469,349.8819018404908,1693.4161490683227,455.89417177914106,"Panel"
"VID_20201004_185605.mp4#t=2.716667.jpg",1007.0393374741201,528.7776073619632,1375.4037267080746,939.5751533742331,"Dedo"
"VID_20201004_185605.mp4#t=3.416667.jpg",867.9089026915113,373.73466257668707,1196.5217391304348,466.49539877300606,"Panel"
"VID_20201004_185605.mp4#t=3.416667.jpg",1234.9482401656314,355.1825153374233,1599.3374741200828,471.7960122699386,"Panel"
"VID_20201004_185605.mp4#t=3.416667.jpg",999.0890269151139,498.29907975460117,1287.9503105590063,889.2193251533741,"Dedo"
"VID_20201004_185605.mp4#t=2.3.jpg",951.3871635610766,375.0598159509202,1260.1242236024846,479.7469325153374,"Panel"
"VID_20201004_185605.mp4#t=2.3.jpg",1298.5507246376812,361.80828220858893,1791.4699792960664,490.34815950920245,"Panel"
"VID_20201004_185605.mp4#t=2.3.jpg",1074.6169772256728,579.133435582822,1485.383022774327,1000.532208588957,"Dedo"
"VID_20201004_185605.mp4#t=4.75.jpg",698.3022774327122,397.5874233128834,1014.9896480331263,494.3236196319018,"Panel"
"VID_20201004_185605.mp4#t=4.75.jpg",1062.6915113871635,380.3604294478527,1404.5548654244305,479.74693251533733,"Panel"
"VID_20201004_185605.mp4#t=4.75.jpg",1099.792960662526,507.5751533742331,1433.7060041407867,881.2684049079753,"Dedo"
"VID_20201004_185605.mp4#t=3.966667.jpg",873.2091097308488,369.7592024539877,1176.645962732919,467.82055214723925,"Panel"
"VID_20201004_185605.mp4#t=3.966667.jpg",1205.7971014492753,372.40950920245393,1555.6107660455486,455.89417177914106,"Panel"
"VID_20201004_185605.mp4#t=3.966667.jpg",1016.3146997929606,482.39723926380367,1302.5258799171843,886.5690184049079,"Dedo"
"VID_20201004_185605.mp4#t=4.366667.jpg",787.0807453416149,389.6365030674846,1082.5672877846791,481.07208588957053,"Panel"
"VID_20201004_185605.mp4#t=4.366667.jpg",1139.5445134575568,369.7592024539877,1472.1325051759834,462.5199386503067,"Panel"
"VID_20201004_185605.mp4#t=4.366667.jpg",1062.6915113871635,514.2009202453987,1342.2774327122152,911.7469325153373,"Dedo"
"VID_20201004_185605.mp4#t=5.166667.jpg",643.975155279503,401.5628834355828,948.7370600414079,486.3726993865031,"Panel"
"VID_20201004_185605.mp4#t=5.166667.jpg",1005.7142857142857,363.1334355828221,1363.4782608695652,481.07208588957053,"Panel"
"VID_20201004_185605.mp4#t=5.166667.jpg",1146.1697722567287,520.8266871165644,1498.6335403726707,963.4279141104294,"Dedo"
"VID_20201004_185605.mp4#t=5.75.jpg",560.4968944099379,397.5874233128834,871.8840579710145,492.99846625766867,"Panel"
"VID_20201004_185605.mp4#t=5.75.jpg",931.511387163561,383.010736196319,1277.3498964803312,477.0966257668711,"Panel"
"VID_20201004_185605.mp4#t=5.75.jpg",1226.9979296066253,489.0230061349693,1466.832298136646,910.4217791411043,"Dedo"
"VID_20201004_185605.mp4#t=8.383333.jpg",870.5590062111801,239.8941717791411,1173.9958592132505,339.28067484662574,"Panel"
"VID_20201004_185605.mp4#t=8.383333.jpg",1241.5734989648033,223.99233128834354,1605.9627329192547,303.5015337423313,"Panel"
"VID_20201004_185605.mp4#t=6.7.jpg",621.4492753623189,405.5383435582822,919.5859213250518,490.34815950920245,"Panel"
"VID_20201004_185605.mp4#t=6.7.jpg",973.9130434782609,404.21319018404904,1330.351966873706,481.07208588957053,"Panel"
"VID_20201004_185605.mp4#t=6.7.jpg",952.712215320911,486.37269938650303,1285.3002070393375,856.090490797546,"Dedo"
"VID_20201004_185605.mp4#t=7.2.jpg",723.4782608695652,417.4647239263803,1016.3146997929607,506.24999999999994,"Panel"
"VID_20201004_185605.mp4#t=7.2.jpg",1086.5424430641822,404.21319018404904,1427.0807453416148,490.3481595092024,"Panel"
"VID_20201004_185605.mp4#t=7.2.jpg",946.0869565217391,527.45245398773,1286.625258799172,893.1947852760735,"Dedo"
"VID_20201004_185605.mp4#t=7.85.jpg",813.5817805383023,406.8634969325153,1131.5942028985507,503.5996932515337,"Panel"
"VID_20201004_185605.mp4#t=7.85.jpg",1180.6211180124224,390.96165644171776,1546.3354037267081,477.0966257668711,"Panel"
"VID_20201004_185605.mp4#t=7.85.jpg",871.8840579710145,494.3236196319018,1195.1966873706006,915.7223926380368,"Dedo"
"VID_20201004_185605.mp4#t=6.233333.jpg",556.5217391304348,389.6365030674846,859.9585921325051,469.14570552147234,"Panel"
"VID_20201004_185605.mp4#t=6.233333.jpg",923.5610766045548,371.08435582822085,1260.1242236024846,474.4463190184049,"Panel"
"VID_20201004_185605.mp4#t=6.233333.jpg",1118.343685300207,491.6733128834355,1419.1304347826085,885.2438650306748,"Dedo"
"VID_20201004_185758.mp4#t=0.jpg",1207.1221532091097,337.9555214723926,1894.8240165631469,469.14570552147234,"Panel"
"VID_20201004_185758.mp4#t=1.85.jpg",964.6376811594203,343.2561349693251,1601.9875776397516,461.19478527607356,"Panel"
"VID_20201004_185758.mp4#t=1.85.jpg",991.1387163561077,526.1273006134969,1166.0455486542444,816.3358895705521,"Dedo"
"VID_20201004_185758.mp4#t=1.jpg",1070.6418219461698,284.94938650306744,1760.9937888198758,438.66717791411037,"Panel"
"VID_20201004_185758.mp4#t=1.jpg",1264.0993788819876,462.5199386503067,1579.4616977225674,858.7407975460121,"Dedo"
"VID_20201004_185758.mp4#t=3.733333.jpg",799.0062111801242,447.9432515337423,1456.231884057971,583.1088957055214,"Panel"
"VID_20201004_185758.mp4#t=3.733333.jpg",960.6625258799172,514.2009202453987,1249.5238095238096,861.3911042944785,"Dedo"
"VID_20201004_185758.mp4#t=2.75.jpg",898.3850931677018,432.04141104294473,1517.184265010352,556.6058282208588,"Panel"
"VID_20201004_185758.mp4#t=2.75.jpg",893.0848861283644,551.3052147239264,1098.4679089026915,865.3665644171779,"Dedo"
"VID_20201004_185758.mp4#t=7.8.jpg",480.99378881987576,507.5751533742331,1103.768115942029,622.8634969325153,"Panel"
"VID_20201004_185758.mp4#t=7.8.jpg",948.7370600414079,652.0168711656441,1151.4699792960662,923.6733128834355,"Dedo"
"VID_20201004_185758.mp4#t=7.8.jpg",1522.4844720496894,572.5076687116564,1857.7225672877846,678.5199386503067,"Panel"
"VID_20201004_185758.mp4#t=4.45.jpg",755.27950310559,475.771472392638,1413.8302277432713,601.6610429447852,"Panel"
"VID_20201004_185758.mp4#t=4.45.jpg",1136.8944099378882,526.1273006134969,1339.6273291925465,919.6978527607362,"Dedo"
"VID_20201004_185758.mp4#t=4.45.jpg",1851.0973084886127,540.7039877300613,1920,644.0659509202453,"Panel"
"VID_20201004_185758.mp4#t=6.7.jpg",474.36853002070393,490.3481595092024,1091.8426501035196,626.8389570552147,"Panel"
"VID_20201004_185758.mp4#t=6.7.jpg",1499.9585921325051,556.6058282208588,1843.1469979296066,678.5199386503067,"Panel"
"VID_20201004_185758.mp4#t=6.7.jpg",1041.4906832298136,605.6365030674846,1286.6252587991717,913.0720858895704,"Dedo"
"VID_20201004_185758.mp4#t=5.6.jpg",541.9461697722567,489.0230061349693,1204.472049689441,624.1886503067484,"Panel"
"VID_20201004_185758.mp4#t=5.6.jpg",1007.0393374741201,608.2868098159508,1205.7971014492755,931.6242331288342,"Dedo"
"VID_20201004_185758.mp4#t=5.6.jpg",1599.3374741200828,555.2806748466257,1920,683.8205521472393,"Panel"
"VID_20201004_185758.mp4#t=8.8.jpg",659.8757763975156,503.5996932515337,1264.0993788819876,616.2377300613497,"Panel"
"VID_20201004_185758.mp4#t=8.8.jpg",977.8881987577639,591.0598159509202,1195.1966873706003,928.9739263803681,"Dedo"
"VID_20201004_185758.mp4#t=8.8.jpg",1702.6915113871635,557.930981595092,1920,674.5444785276073,"Panel"
"VID_20201004_185758.mp4#t=10.133333.jpg",816.231884057971,457.2193251533742,1435.0310559006211,584.4340490797546,"Panel"
"VID_20201004_185758.mp4#t=10.133333.jpg",903.6853002070393,519.5015337423313,1132.919254658385,868.0168711656441,"Dedo"
"VID_20201004_185758.mp4#t=12.333333.jpg",662.5258799171843,490.3481595092024,1285.3002070393375,612.2622699386502,"Panel"
"VID_20201004_185758.mp4#t=12.333333.jpg",739.3788819875776,585.7592024539877,968.6128364389234,927.6487730061349,"Dedo"
"VID_20201004_185758.mp4#t=11.25.jpg",923.5610766045548,439.9923312883435,1547.6604554865426,565.8819018404907,"Panel"
"VID_20201004_185758.mp4#t=11.25.jpg",934.1614906832298,516.851226993865,1103.768115942029,822.9616564417177,"Dedo"
"VID_20201004_185758.mp4#t=13.416667.jpg",445.2173913043478,451.9187116564417,1065.3416149068323,569.8573619631902,"Panel"
"VID_20201004_185758.mp4#t=13.416667.jpg",1470.807453416149,520.8266871165644,1763.6438923395444,632.1395705521472,"Panel"
"VID_20201004_185758.mp4#t=13.416667.jpg",885.1345755693582,544.6794478527607,1139.5445134575568,864.0414110429448,"Dedo"
"VID_20201004_185758.mp4#t=14.916667.jpg",928.8612836438923,526.1273006134969,1172.670807453416,860.0659509202453,"Dedo"
"VID_20201004_185758.mp4#t=14.916667.jpg",253.0848861283644,369.7592024539877,866.583850931677,498.29907975460117,"Panel"
"VID_20201004_185758.mp4#t=14.916667.jpg",1269.399585921325,461.19478527607356,1527.784679089027,565.8819018404907,"Panel"
"VID_20201004_185758.mp4#t=18.116667.jpg",200.08281573498965,336.63036809815947,824.1821946169773,494.3236196319018,"Panel"
"VID_20201004_185758.mp4#t=18.116667.jpg",1171.3457556935819,459.8696319018405,1421.7805383022776,559.2561349693251,"Panel"
"VID_20201004_185758.mp4#t=18.116667.jpg",940.7867494824017,523.4769938650306,1262.7743271221532,922.3481595092023,"Dedo"
"VID_20201004_185758.mp4#t=19.333333.jpg",716.8530020703934,478.42177914110425,1094.4927536231885,902.4708588957054,"Dedo"
"VID_20201004_185758.mp4#t=19.333333.jpg",405.46583850931677,361.80828220858893,1052.0910973084888,524.8021472392638,"Panel"
"VID_20201004_185758.mp4#t=19.333333.jpg",1359.5031055900622,491.6733128834355,1653.664596273292,592.3849693251533,"Panel"
"VID_20201004_185758.mp4#t=16.05.jpg",1146.1697722567287,454.5690184049079,1379.3788819875776,567.2070552147238,"Panel"
"VID_20201004_185758.mp4#t=16.05.jpg",145.75569358178055,337.9555214723926,784.4306418219461,498.29907975460117,"Panel"
"VID_20201004_185758.mp4#t=16.05.jpg",1168.695652173913,577.8082822085889,1442.9813664596272,878.6180981595091,"Dedo"
"VID_20201004_185758.mp4#t=20.5.jpg",905.0103519668737,512.8757668711656,1188.5714285714284,894.5199386503067,"Dedo"
"VID_20201004_185758.mp4#t=20.5.jpg",711.5527950310559,410.8389570552147,1305.1759834368531,575.1579754601227,"Panel"
"VID_20201004_185758.mp4#t=20.5.jpg",1664.2650103519668,519.5015337423313,1914.6997929606625,644.0659509202453,"Panel"
"VID_20201004_185758.mp4#t=17.1.jpg",166.95652173913044,332.6549079754601,768.5300207039338,490.34815950920245,"Panel"
"VID_20201004_185758.mp4#t=17.1.jpg",1130.2691511387163,461.19478527607356,1400.5797101449275,569.8573619631901,"Panel"
"VID_20201004_185758.mp4#t=17.1.jpg",1269.399585921325,544.6794478527607,1477.4327122153209,828.2622699386503,"Dedo"